gym Age,Weight (kg),Height (m),Max_BPM,Avg_BPM,Resting_BPM,Session_Duration (hours),Calories_Burned,Fat_Percentage,Water_Intake (liters),Workout_Frequency (days/week),Experience_Level,BMI,cluster
38.84782608695652,61.692391304347844,1.6921014492753623,179.2264492753623,144.09057971014494,62.358695652173914,1.1302717391304349,800.2083333333333,28.48985507246377,2.307971014492754,3.0452898550724625,1.5163043478260865,21.80896739130435,0
38.22680412371134,73.36030927835051,1.7261340206185567,180.31443298969072,143.40721649484536,62.371134020618555,1.7534020618556698,1263.1494845360826,14.900515463917523,3.126288659793814,4.525773195876288,2.9845360824742304,24.69201030927835,1
38.67400881057269,103.85242290748897,1.7936563876651983,181.11453744493392,143.2863436123348,61.76651982378855,1.1384581497797355,855.5506607929515,25.045374449339207,2.974449339207048,2.964757709251102,1.519823788546255,32.646255506607936,2
